City_ID,City,Country,Date,Lat,Lng,Max Temp,Humidity,Cloudiness,Wind Speed
0,Bredasdorp,ZA,2021-01-16 00:49:40,-34.5322,20.0403,64.4,72,0,9.22
1,Kapaa,US,2021-01-16 00:49:31,22.0752,-159.319,78.8,78,75,10.36
2,Port Alfred,ZA,2021-01-16 00:49:40,-33.5906,26.891,66.99,86,0,5.99
3,Tobermory,CA,2021-01-16 00:49:40,45.2501,-81.6665,39.2,81,100,14.97
4,Cidreira,BR,2021-01-16 00:48:49,-30.1811,-50.2056,77.11,83,98,21.45
5,Hilo,US,2021-01-16 00:45:02,19.7297,-155.09,82.4,57,1,11.5
6,Corn Island,NI,2021-01-16 00:49:40,12.1694,-83.0418,79.63,77,100,13.44
7,Carnarvon,AU,2021-01-16 00:47:55,-24.8667,113.6333,80.6,100,0,11.5
8,Souillac,MU,2021-01-16 00:49:40,-20.5167,57.5167,78.8,94,40,4.61
9,Rikitea,PF,2021-01-16 00:49:40,-23.1203,-134.9692,79.68,66,0,8.1
10,Kirkenaer,NO,2021-01-16 00:49:40,60.4564,12.0582,5.0,92,0,4.61
11,Ancud,CL,2021-01-16 00:49:40,-41.8697,-73.8203,55.4,82,75,3.44
12,Keti Bandar,PK,2021-01-16 00:49:40,24.1447,67.4497,61.12,28,0,8.01
13,Mataura,NZ,2021-01-16 00:49:41,-46.1927,168.8643,73.0,63,0,8.99
14,Punta Arenas,CL,2021-01-16 00:49:41,-53.15,-70.9167,55.4,76,0,10.36
15,Rudbar,AF,2021-01-16 00:49:41,30.15,62.6,47.88,39,0,4.83
16,Ushuaia,AR,2021-01-16 00:46:31,-54.8,-68.3,62.6,51,40,10.36
17,Huangzhai,CN,2021-01-16 00:49:41,38.0751,112.6595,23.0,39,0,6.71
18,Limbazi,LV,2021-01-16 00:49:41,57.5129,24.7194,3.99,90,100,1.01
19,Saint-Philippe,RE,2021-01-16 00:49:41,-21.3585,55.7679,77.0,83,20,3.44
20,Caravelas,BR,2021-01-16 00:49:41,-17.7125,-39.2481,75.47,88,100,5.68
21,Butaritari,KI,2021-01-16 00:49:41,3.0707,172.7902,81.28,78,0,21.0
22,Flinders,AU,2021-01-16 00:49:41,-34.5833,150.8552,70.0,43,0,4.0
23,Stephenville,US,2021-01-16 00:49:41,32.2207,-98.2023,50.0,14,90,11.5
24,Cradock,ZA,2021-01-16 00:49:41,-32.1642,25.6192,63.55,79,80,5.88
25,Kaitangata,NZ,2021-01-16 00:49:41,-46.2817,169.8464,64.99,77,17,13.0
26,Georgetown,MY,2021-01-16 00:45:10,5.4112,100.3354,78.8,94,20,4.61
27,Puerto Ayora,EC,2021-01-16 00:49:41,-0.7393,-90.3518,75.99,91,100,4.0
28,Jijiga,ET,2021-01-16 00:49:41,9.35,42.8,59.94,35,50,7.76
29,Barrow,US,2021-01-16 00:49:41,71.2906,-156.7887,-11.2,77,1,14.97
30,Sabang,ID,2021-01-16 00:49:41,5.8933,95.3214,80.2,80,90,12.3
31,Akyab,MM,2021-01-16 00:49:41,20.15,92.9,61.02,82,30,6.11
32,Te Anau,NZ,2021-01-16 00:49:41,-45.4167,167.7167,74.19,34,16,4.63
33,Hithadhoo,MV,2021-01-16 00:49:42,-0.6,73.0833,81.27,77,86,14.83
34,Hasaki,JP,2021-01-16 00:49:42,35.7333,140.8333,48.2,87,20,3.44
35,Albany,US,2021-01-16 00:46:00,42.6001,-73.9662,39.99,75,100,11.01
36,The Valley,AI,2021-01-16 00:49:42,18.217,-63.0578,78.01,78,20,5.75
37,Khatanga,RU,2021-01-16 00:49:42,71.9667,102.5,-44.72,78,25,3.2
38,Patacamaya,BO,2021-01-16 00:49:42,-17.2333,-67.9167,51.96,71,97,9.26
39,Castro,BR,2021-01-16 00:45:41,-24.7911,-50.0119,63.77,96,40,7.67
40,Ilulissat,GL,2021-01-16 00:49:42,69.2167,-51.1,14.0,67,75,16.11
41,Rawson,AR,2021-01-16 00:49:42,-43.3002,-65.1023,62.19,71,100,21.9
42,Port Lincoln,AU,2021-01-16 00:49:42,-34.7333,135.8667,61.95,54,21,12.75
43,Dingle,PH,2021-01-16 00:49:42,10.9995,122.6711,76.39,92,94,10.78
44,Upice,CZ,2021-01-16 00:49:42,50.5124,16.0161,21.0,79,100,4.03
45,Mjolby,SE,2021-01-16 00:49:42,58.326,15.1237,19.4,92,90,5.75
46,Provideniya,RU,2021-01-16 00:49:42,64.3833,-173.3,12.96,94,100,5.14
47,Kang,BW,2021-01-16 00:49:42,-23.6752,22.7876,74.39,64,49,11.1
48,Leningradskiy,RU,2021-01-16 00:49:42,69.3833,178.4167,-12.82,88,100,6.82
49,Hobart,AU,2021-01-16 00:46:19,-42.8794,147.3294,61.0,44,40,10.36
50,Emmett,US,2021-01-16 00:49:42,43.8735,-116.4993,33.01,80,100,1.99
51,Bluff,NZ,2021-01-16 00:49:42,-46.6,168.3333,73.0,63,16,8.99
52,Zhigansk,RU,2021-01-16 00:49:42,66.7697,123.3711,-35.84,80,100,2.57
53,Gogrial,SS,2021-01-16 00:49:42,8.5332,28.1004,68.04,25,0,6.02
54,Broome,US,2021-01-16 00:49:42,42.2506,-75.833,39.0,93,90,19.57
55,Vysokogornyy,RU,2021-01-16 00:49:43,50.1167,139.15,-5.64,83,0,0.87
56,Uruzgan,AF,2021-01-16 00:49:43,32.8333,66.0,37.26,55,20,8.52
57,Olafsvik,IS,2021-01-16 00:49:43,64.8945,-23.7142,34.79,92,100,17.74
58,Hanko,FI,2021-01-16 00:49:43,59.8333,22.95,21.99,88,100,8.99
59,Berlevag,NO,2021-01-16 00:49:43,70.8578,29.0864,35.67,88,100,21.72
60,Chacabuco,AR,2021-01-16 00:48:12,-34.6417,-60.4739,66.99,92,7,7.05
61,Airai,TL,2021-01-16 00:49:43,-8.9266,125.4092,65.37,100,93,0.72
62,Kaseda,JP,2021-01-16 00:49:43,31.4167,130.3167,53.6,94,20,2.3
63,Mimoso Do Sul,BR,2021-01-16 00:49:43,-21.0642,-41.3664,71.42,91,6,3.06
64,Busselton,AU,2021-01-16 00:49:43,-33.65,115.3333,69.01,59,0,8.99
65,Atuona,PF,2021-01-16 00:49:43,-9.8,-139.0333,77.61,76,7,12.28
66,Coihaique,CL,2021-01-16 00:48:11,-45.5752,-72.0662,55.4,88,75,4.61
67,Yambio,SS,2021-01-16 00:49:43,4.5721,28.3955,69.42,60,100,4.12
68,Gornopravdinsk,RU,2021-01-16 00:49:43,60.05,69.9,9.41,95,100,6.35
69,New Norfolk,AU,2021-01-16 00:49:43,-42.7826,147.0587,61.0,57,76,4.0
70,Vaini,TO,2021-01-16 00:49:43,-21.2,-175.2,86.0,74,40,11.5
71,Bathsheba,BB,2021-01-16 00:49:43,13.2167,-59.5167,78.8,65,20,19.57
72,Sai Buri,TH,2021-01-16 00:49:44,6.7013,101.6168,75.2,88,40,3.44
73,Huejuquilla El Alto,MX,2021-01-16 00:49:44,22.6,-103.8667,53.42,36,70,1.41
74,Mapiripan,CO,2021-01-16 00:49:44,2.8892,-72.1256,76.66,76,72,4.79
75,Clyde River,CA,2021-01-16 00:49:44,70.4692,-68.5914,-0.4,92,90,2.3
76,Fort-Shevchenko,KZ,2021-01-16 00:49:44,44.5086,50.263,35.13,87,5,17.0
77,Lata,PT,2021-01-16 00:49:44,40.1629,-8.3327,39.99,93,40,1.14
78,Dikson,RU,2021-01-16 00:49:44,73.5069,80.5464,-32.49,79,88,4.54
79,Umm Lajj,SA,2021-01-16 00:49:44,25.0213,37.2685,65.75,55,0,6.15
80,Olga,RU,2021-01-16 00:49:44,43.7444,135.2892,10.67,84,100,12.88
81,Homer,US,2021-01-16 00:49:44,59.6425,-151.5483,36.0,80,1,6.91
82,Varhaug,NO,2021-01-16 00:49:44,58.6147,5.6457,23.0,79,0,3.44
83,Quatre Cocos,MU,2021-01-16 00:49:44,-20.2078,57.7625,80.01,94,40,4.61
84,Ojinaga,MX,2021-01-16 00:49:44,29.5667,-104.4167,59.0,23,1,4.61
85,Santa Rosa,PH,2021-01-16 00:49:44,14.3122,121.1114,82.0,74,20,3.44
86,Poum,NC,2021-01-16 00:49:44,-20.2333,164.0167,81.45,81,99,14.79
87,Chokurdakh,RU,2021-01-16 00:49:44,70.6333,147.9167,-5.08,91,100,11.39
88,Avarua,CK,2021-01-16 00:49:44,-21.2078,-159.775,86.0,70,20,10.36
89,Inuvik,CA,2021-01-16 00:49:44,68.3499,-133.7218,-9.4,84,100,9.22
90,Formosa,AR,2021-01-16 00:49:45,-26.1775,-58.1781,86.0,79,0,4.61
91,Qaanaaq,GL,2021-01-16 00:49:45,77.484,-69.3632,9.77,92,99,2.33
92,Sao Filipe,CV,2021-01-16 00:49:45,14.8961,-24.4956,72.54,70,100,13.2
93,Okhotsk,RU,2021-01-16 00:49:45,59.3833,143.3,-15.14,85,100,10.33
94,Lebu,CL,2021-01-16 00:49:45,-37.6167,-73.65,56.7,78,0,15.17
95,Cape Town,ZA,2021-01-16 00:49:45,-33.9258,18.4232,66.0,94,75,10.36
96,Lewisburg,US,2021-01-16 00:49:45,35.4492,-86.7889,41.0,48,90,10.36
97,Jamestown,US,2021-01-16 00:49:45,42.097,-79.2353,37.0,100,90,8.05
98,Benjamin Constant,BR,2021-01-16 00:49:45,-4.3831,-70.0311,80.6,83,0,2.3
99,Old Saybrook,US,2021-01-16 00:49:45,41.2918,-72.3762,43.0,75,90,11.5
100,Hermanus,ZA,2021-01-16 00:49:45,-34.4187,19.2345,57.99,91,3,10.96
101,Saravan,AM,2021-01-16 00:49:45,39.7196,45.6483,33.8,75,40,9.22
102,Port Blair,IN,2021-01-16 00:49:45,11.6667,92.75,77.22,77,13,9.93
103,Udachnyy,RU,2021-01-16 00:49:45,66.4167,112.4,-45.76,75,74,6.04
104,Bengkulu,ID,2021-01-16 00:49:45,-3.8004,102.2655,77.92,75,93,3.8
105,Kjopsvik,NO,2021-01-16 00:49:46,68.097,16.3742,37.0,93,90,2.3
106,Baghdad,IQ,2021-01-16 00:47:33,33.3406,44.4009,44.6,100,0,3.44
107,Napanee,CA,2021-01-16 00:45:07,44.2501,-76.9494,37.4,75,90,9.22
108,East London,ZA,2021-01-16 00:49:46,-33.0153,27.9116,71.4,77,95,18.75
109,Anamur,TR,2021-01-16 00:49:46,36.0751,32.8369,53.6,94,75,3.44
110,Chuy,UY,2021-01-16 00:49:46,-33.6971,-53.4616,72.54,84,100,13.47
111,Tasiilaq,GL,2021-01-16 00:49:46,65.6145,-37.6368,32.0,93,90,9.22
112,Santa Maria Del Oro,MX,2021-01-16 00:49:46,25.9333,-105.3667,54.97,35,0,6.2
113,Bemidji,US,2021-01-16 00:49:46,47.4736,-94.8803,25.0,100,90,17.27
114,Moerai,PF,2021-01-16 00:49:46,-22.4333,-151.3333,80.06,70,43,10.18
115,Ogaminana,NG,2021-01-16 00:49:46,7.5946,6.2248,77.02,71,0,6.17
116,Constitucion,CL,2021-01-16 00:49:46,-35.3333,-72.4167,56.41,73,0,18.34
117,Salinopolis,BR,2021-01-16 00:49:46,-0.6136,-47.3561,78.87,79,6,11.18
118,Sistranda,NO,2021-01-16 00:49:46,63.7256,8.834,28.4,80,75,14.97
119,Beaverlodge,CA,2021-01-16 00:49:46,55.2166,-119.4361,39.2,56,20,28.77
120,Alappuzha,IN,2021-01-16 00:49:46,9.49,76.3264,76.42,87,0,7.07
121,Suzhou,CN,2021-01-16 00:49:46,31.3114,120.6181,41.0,62,69,11.32
122,Norman Wells,CA,2021-01-16 00:49:46,65.282,-126.8329,3.2,92,90,2.3
123,Mahebourg,MU,2021-01-16 00:49:46,-20.4081,57.7,78.8,94,40,4.61
124,Pacific Grove,US,2021-01-16 00:49:47,36.6177,-121.9166,66.2,52,1,6.22
125,Hovd,MN,2021-01-16 00:49:47,48.0056,91.6419,-5.28,71,0,0.22
126,Lincolnton,US,2021-01-16 00:49:47,35.4737,-81.2545,37.99,100,90,9.13
127,Thompson,CA,2021-01-16 00:49:47,55.7435,-97.8558,5.0,85,75,5.75
128,Nanortalik,GL,2021-01-16 00:49:47,60.1432,-45.2371,25.9,94,99,9.37
129,Palmer,US,2021-01-16 00:49:47,42.1584,-72.3287,39.99,70,90,11.5
130,Cobh,IE,2021-01-16 00:49:47,51.8572,-8.2992,51.01,100,75,23.02
131,Ribeira Grande,PT,2021-01-16 00:49:47,38.5167,-28.7,61.2,85,15,8.46
132,Nouakchott,MR,2021-01-16 00:49:47,18.0858,-15.9785,68.0,14,0,8.05
133,Bosaso,SO,2021-01-16 00:49:47,11.2842,49.1816,72.19,75,0,1.23
134,Esperance,AU,2021-01-16 00:49:47,-33.8667,121.9,62.6,51,90,12.66
135,Waddan,LY,2021-01-16 00:49:47,29.1614,16.139,48.4,51,0,6.85
136,Gat,IL,2021-01-16 00:49:08,31.61,34.7642,52.0,85,0,6.35
137,Foix,FR,2021-01-16 00:49:47,42.8333,1.5833,37.0,56,100,5.35
138,Ndele,CF,2021-01-16 00:49:47,8.4109,20.6473,69.58,25,2,4.88
139,Ahipara,NZ,2021-01-16 00:49:47,-35.1667,173.1667,72.1,51,31,6.4
140,Amherst,US,2021-01-16 00:49:47,41.3978,-82.2224,35.01,80,1,5.75
141,Brae,GB,2021-01-16 00:49:48,60.3964,-1.353,42.8,75,75,28.77
142,Cockburn Town,TC,2021-01-16 00:49:48,21.4612,-71.1419,78.06,81,100,10.56
143,Novopokrovka,UA,2021-01-16 00:49:48,49.8425,36.5477,10.4,85,75,15.66
144,Mayumba,GA,2021-01-16 00:49:48,-3.432,10.6554,76.91,86,62,6.87
145,Rotifunk,SL,2021-01-16 00:49:48,8.2333,-12.6833,72.99,93,99,1.63
146,Bonavista,CA,2021-01-16 00:49:48,48.6499,-53.1147,32.0,86,100,8.05
147,Neftcala,AZ,2021-01-16 00:49:48,39.3742,49.2472,48.09,83,0,11.74
148,Kodiak,US,2021-01-16 00:47:34,57.79,-152.4072,35.6,93,90,2.48
149,Arraial Do Cabo,BR,2021-01-16 00:49:48,-22.9661,-42.0278,76.01,89,6,20.51
150,Lagoa,PT,2021-01-16 00:49:48,39.05,-27.9833,60.42,89,16,13.62
151,Mount Darwin,ZW,2021-01-16 00:49:48,-16.7725,31.5838,67.55,94,100,2.51
152,Cap Malheureux,MU,2021-01-16 00:49:48,-19.9842,57.6142,80.01,84,95,5.99
153,Skoghall,SE,2021-01-16 00:49:48,59.3232,13.4655,10.4,92,0,6.91
154,Salalah,OM,2021-01-16 00:49:48,17.0151,54.0924,73.4,18,0,13.8
155,Wahpeton,US,2021-01-16 00:49:48,46.2652,-96.6059,19.99,93,90,21.85
156,Lima,PE,2021-01-16 00:49:06,-12.0432,-77.0282,69.8,83,0,11.5
157,Korla,CN,2021-01-16 00:49:48,41.7597,86.1469,15.46,82,0,1.41
158,Azul,AR,2021-01-16 00:49:49,-36.777,-59.8585,74.44,61,0,3.69
159,Douglas,US,2021-01-16 00:49:49,41.3,-96.167,32.0,86,90,24.16
160,Biharamulo,TZ,2021-01-16 00:49:49,-2.6319,31.3089,59.43,100,14,4.79
161,Faya,SA,2021-01-16 00:49:49,18.3851,42.4509,50.0,71,0,4.61
162,Vila Velha,BR,2021-01-16 00:49:49,-20.3297,-40.2925,77.0,88,40,2.3
163,Santiago Del Estero,AR,2021-01-16 00:49:49,-27.7951,-64.2615,88.23,54,100,5.53
164,Deputatskiy,RU,2021-01-16 00:49:49,69.3,139.9,-20.45,89,100,1.88
165,Nantucket,US,2021-01-16 00:49:19,41.2835,-70.0995,39.99,75,1,4.61
166,Mount Isa,AU,2021-01-16 00:49:49,-20.7333,139.5,95.0,20,4,12.66
167,Klaksvik,FO,2021-01-16 00:49:49,62.2266,-6.589,41.0,87,75,33.38
168,Sao Joao Da Barra,BR,2021-01-16 00:49:49,-21.6403,-41.0511,76.06,88,9,13.91
169,Kemijarvi,FI,2021-01-16 00:49:49,66.7131,27.4306,22.84,98,86,4.41
170,Mar Del Plata,AR,2021-01-16 00:48:16,-38.0023,-57.5575,71.6,78,0,6.91
171,Puerto Del Rosario,ES,2021-01-16 00:49:49,28.5004,-13.8627,62.6,59,75,19.57
172,Damghan,IR,2021-01-16 00:49:49,36.1683,54.348,38.1,63,0,1.14
173,Tuktoyaktuk,CA,2021-01-16 00:49:49,69.4541,-133.0374,-14.8,84,75,18.41
174,Sindor,RU,2021-01-16 00:49:49,62.8629,51.8905,-2.24,93,99,3.29
175,Elizabeth City,US,2021-01-16 00:49:49,36.2946,-76.2511,55.0,76,1,4.61
176,Coron,PH,2021-01-16 00:49:49,11.9986,120.2043,82.74,74,8,2.17
177,Garissa,KE,2021-01-16 00:49:49,-0.4536,39.6401,75.78,77,4,8.25
178,Padang,ID,2021-01-16 00:49:49,-0.9492,100.3543,79.29,62,59,3.06
179,Saldanha,ZA,2021-01-16 00:49:49,-33.0117,17.9442,62.6,88,0,3.44
180,Bundaberg,AU,2021-01-16 00:49:50,-24.85,152.35,87.01,54,0,4.61
181,San Luis,AR,2021-01-16 00:49:50,-33.295,-66.3356,78.58,51,29,10.0
182,Tezu,IN,2021-01-16 00:49:50,27.9167,96.1667,60.22,48,26,2.95
183,Cabo San Lucas,MX,2021-01-16 00:49:50,22.8909,-109.9124,77.0,22,1,5.75
184,Estelle,US,2021-01-16 00:49:50,29.8458,-90.1067,54.0,32,1,10.36
185,Saskylakh,RU,2021-01-16 00:49:50,71.9167,114.0833,-19.75,86,100,15.17
186,Obo,CF,2021-01-16 00:49:50,5.3998,26.4869,66.38,37,100,1.25
187,Coquimbo,CL,2021-01-16 00:45:29,-29.9533,-71.3436,60.8,82,0,4.61
188,Havelock,US,2021-01-16 00:48:41,34.8791,-76.9013,54.0,71,1,4.61
189,Gamba,GA,2021-01-16 00:49:50,-2.65,10.0,77.04,85,100,6.98
190,Arrifes,PT,2021-01-16 00:49:50,37.7667,-25.7,61.0,94,75,13.8
191,Viedma,AR,2021-01-16 00:49:50,-40.8135,-62.9967,64.99,74,0,12.01
192,Broken Hill,AU,2021-01-16 00:49:50,-31.95,141.4333,62.6,39,69,17.27
193,Khani,GE,2021-01-16 00:49:50,41.9563,42.9566,41.0,100,90,6.91
194,Khumalag,RU,2021-01-16 00:49:50,43.2403,44.4752,32.0,93,100,4.47
195,Jahazpur,IN,2021-01-16 00:49:50,25.6167,75.2833,51.58,44,2,4.21
196,Cherskiy,RU,2021-01-16 00:49:50,68.75,161.3,-24.99,86,91,2.91
197,Vila Franca Do Campo,PT,2021-01-16 00:49:50,37.7167,-25.4333,61.0,94,75,13.8
198,Touros,BR,2021-01-16 00:49:50,-5.1989,-35.4608,78.8,78,40,6.91
199,Andover,GB,2021-01-16 00:49:50,51.2083,-1.4825,39.2,81,90,12.66
200,Henties Bay,NA,2021-01-16 00:49:50,-22.116,14.2845,71.01,81,68,4.09
201,Colac,AU,2021-01-16 00:49:51,-38.3333,143.5833,54.0,24,100,8.99
202,Kindersley,CA,2021-01-16 00:47:51,51.4668,-109.1682,21.2,79,75,8.05
203,Nyurba,RU,2021-01-16 00:49:51,63.2842,118.3319,-34.73,82,100,5.59
204,Galle,LK,2021-01-16 00:49:51,6.0367,80.217,76.95,81,98,2.82
205,Itarema,BR,2021-01-16 00:49:51,-2.9248,-39.9167,79.02,82,24,12.68
206,Sal Rei,CV,2021-01-16 00:49:51,16.1833,-22.9167,69.8,73,100,23.02
207,Lapeer,US,2021-01-16 00:49:51,43.0514,-83.3188,33.8,100,90,8.19
208,Longyearbyen,SJ,2021-01-16 00:49:51,78.2186,15.6401,14.0,85,40,6.91
209,Port Elizabeth,ZA,2021-01-16 00:49:51,-33.918,25.5701,69.8,73,0,25.32
210,Cartagena,CO,2021-01-16 00:47:52,10.3997,-75.5144,78.8,89,0,4.61
211,Fairbanks,US,2021-01-16 00:47:32,64.8378,-147.7164,15.8,67,40,2.91
212,Budaun,IN,2021-01-16 00:49:51,28.05,79.1167,47.43,56,0,5.91
213,Egvekinot,RU,2021-01-16 00:49:51,66.3167,-179.1667,-8.7,88,100,15.95
214,Bereda,ES,2021-01-16 00:49:51,43.2686,-7.5406,35.01,100,100,1.99
215,Perevolotskiy,RU,2021-01-16 00:49:51,51.8763,54.1938,23.56,98,100,14.79
216,Maragogi,BR,2021-01-16 00:49:51,-9.0122,-35.2225,76.64,79,100,7.87
217,Sayyan,YE,2021-01-16 00:49:52,15.1718,44.3244,41.45,61,0,2.37
218,Hobyo,SO,2021-01-16 00:49:52,5.3505,48.5268,76.98,77,100,18.14
219,Amapa,BR,2021-01-16 00:49:52,1.0,-52.0,72.09,97,0,2.84
220,Kavieng,PG,2021-01-16 00:49:52,-2.5744,150.7967,76.12,87,100,9.6
221,Taos,US,2021-01-16 00:49:52,36.4072,-105.5731,39.2,28,1,3.44
222,Ouegoa,NC,2021-01-16 00:48:11,-20.35,164.4333,84.96,72,100,11.5
223,Goksun,TR,2021-01-16 00:49:52,38.021,36.4973,46.4,100,75,4.61
224,Tulum,MX,2021-01-16 00:49:52,20.2167,-87.4667,77.0,73,75,6.91
225,Baruun-Urt,MN,2021-01-16 00:49:52,46.6806,113.2792,-10.88,84,100,10.29
226,Sechura,PE,2021-01-16 00:49:52,-5.5569,-80.8222,71.94,81,100,8.88
227,Tommot,RU,2021-01-16 00:49:52,58.9564,126.2925,-13.47,87,100,1.41
228,Krutikha,RU,2021-01-16 00:49:52,53.9599,81.2093,-4.36,88,100,10.25
229,Teahupoo,PF,2021-01-16 00:49:52,-17.8333,-149.2667,86.0,66,75,5.75
230,Kautokeino,NO,2021-01-16 00:49:52,69.0125,23.0412,20.8,93,0,8.75
231,Grindavik,IS,2021-01-16 00:49:52,63.8424,-22.4338,35.6,100,90,16.11
232,Dunedin,NZ,2021-01-16 00:49:52,-45.8742,170.5036,66.99,79,48,7.0
233,Haines Junction,CA,2021-01-16 00:49:52,60.7522,-137.5108,26.6,86,90,1.68
234,Yellowknife,CA,2021-01-16 00:49:52,62.456,-114.3525,10.4,85,90,17.27
235,Kiruna,SE,2021-01-16 00:49:06,67.8557,20.2251,19.4,100,0,4.61
236,Viesite,LV,2021-01-16 00:49:52,56.3475,25.5551,6.06,95,98,5.73
237,Launceston,AU,2021-01-16 00:48:15,-41.45,147.1667,66.0,55,90,11.5
238,Wichita Falls,US,2021-01-16 00:49:52,33.9137,-98.4934,48.2,21,1,11.5
239,Hamilton,US,2021-01-16 00:49:53,39.1834,-84.5333,37.0,64,40,3.44
240,Dobrovat,RO,2021-01-16 00:49:53,46.95,27.7,23.0,63,90,4.61
241,Behbahan,IR,2021-01-16 00:48:11,30.5959,50.2417,46.4,49,0,1.7
242,Bolobo,CD,2021-01-16 00:49:53,-2.1667,16.2333,73.69,82,25,3.65
243,Davenport,US,2021-01-16 00:48:54,41.5236,-90.5776,33.8,86,1,5.75
244,Ketchikan,US,2021-01-16 00:49:53,55.3422,-131.6461,42.8,100,90,10.36
245,Nara,JP,2021-01-16 00:49:53,34.6851,135.8049,48.0,76,75,2.3
246,Torbay,CA,2021-01-16 00:49:53,47.6666,-52.7314,30.0,93,90,23.02
247,Lazaro Cardenas,MX,2021-01-16 00:49:53,17.9583,-102.2,75.38,74,74,2.15
248,Port Shepstone,ZA,2021-01-16 00:47:08,-30.7414,30.455,75.74,85,100,3.8
249,Dicabisagan,PH,2021-01-16 00:49:53,17.0818,122.4157,73.92,78,92,10.83
250,Conde,BR,2021-01-16 00:49:53,-7.2597,-34.9075,77.0,88,20,6.91
251,Salekhard,RU,2021-01-16 00:49:53,66.53,66.6019,-7.56,91,100,2.84
252,Fortuna,US,2021-01-16 00:49:53,40.5982,-124.1573,57.99,94,1,3.11
253,Kahului,US,2021-01-16 00:49:09,20.8947,-156.47,84.2,51,20,6.91
254,Squinzano,IT,2021-01-16 00:49:53,40.4365,18.0418,46.4,81,40,10.36
255,Nikolskoye,RU,2021-01-16 00:49:53,59.7035,30.7861,1.0,84,20,4.47
256,Rexburg,US,2021-01-16 00:49:53,43.826,-111.7897,26.6,63,20,2.86
257,Fukue,JP,2021-01-16 00:49:53,32.6881,128.8419,48.2,76,40,14.97
258,Saint-Pierre,RE,2021-01-16 00:49:53,-21.3393,55.4781,77.0,83,20,3.44
259,Uyuni,BO,2021-01-16 00:47:11,-20.4597,-66.825,56.1,52,100,11.14
260,Nishihara,JP,2021-01-16 00:49:54,26.1842,127.7558,69.8,78,20,8.05
261,Mandalgovi,MN,2021-01-16 00:49:54,45.7625,106.2708,-8.34,81,0,12.77
262,Presidencia Roque Saenz Pena,AR,2021-01-16 00:49:54,-26.7852,-60.4388,73.4,88,90,17.27
263,Upernavik,GL,2021-01-16 00:49:54,72.7868,-56.1549,16.11,96,100,7.29
264,Yichun,CN,2021-01-16 00:49:54,47.7,128.9,-12.03,86,18,1.92
265,Shiyan,CN,2021-01-16 00:49:54,32.6475,110.7781,39.65,63,100,2.37
266,Isangel,VU,2021-01-16 00:49:54,-19.55,169.2667,81.99,79,100,6.33
267,Lorengau,PG,2021-01-16 00:49:54,-2.0226,147.2712,85.42,72,100,12.17
268,Mecca,SA,2021-01-16 00:49:54,21.4267,39.8261,69.55,64,0,3.47
269,San Jose,US,2021-01-16 00:47:42,37.3394,-121.895,66.2,48,75,5.75
270,Portland,US,2021-01-16 00:47:07,45.5234,-122.6762,50.0,87,90,2.13
271,Namibe,AO,2021-01-16 00:49:54,-15.1961,12.1522,72.95,69,0,6.93
272,Tibati,CM,2021-01-16 00:49:54,6.4667,12.6333,60.51,33,2,2.93
273,Victoria,HK,2021-01-16 00:48:41,22.2855,114.1577,64.0,49,83,11.74
274,Imbituba,BR,2021-01-16 00:49:23,-28.24,-48.6703,77.0,83,40,2.3
275,Romitan,UZ,2021-01-16 00:49:54,39.9343,64.3814,42.8,70,0,9.22
276,Nago,JP,2021-01-16 00:49:54,26.5881,127.9761,69.8,94,1,4.61
277,Belaya Gora,RU,2021-01-16 00:49:54,68.5333,146.4167,-21.37,87,99,5.77
278,San Quintin,MX,2021-01-16 00:46:11,30.4833,-115.95,67.86,35,0,2.28
279,Ponta Do Sol,PT,2021-01-16 00:49:54,32.6667,-17.1,53.01,63,16,3.0
280,Lethem,GY,2021-01-16 00:49:55,3.3803,-59.7968,78.87,72,0,12.86
281,Sangar,RU,2021-01-16 00:49:55,63.9242,127.4739,-47.79,77,84,2.42
282,Labuhan,ID,2021-01-16 00:49:55,-6.8844,112.2051,79.86,80,97,4.25
283,Oytal,KZ,2021-01-16 00:49:55,42.9057,73.2697,33.85,70,0,5.08
284,Yulara,AU,2021-01-16 00:49:55,-25.2406,130.9889,66.2,68,90,10.36
285,Noumea,NC,2021-01-16 00:49:55,-22.2763,166.4572,87.8,66,75,8.05
286,Bonthe,SL,2021-01-16 00:49:55,7.5264,-12.505,77.58,88,0,6.22
287,Plastun,RU,2021-01-16 00:49:55,44.7561,136.2939,11.03,84,100,13.09
288,Narsaq,GL,2021-01-16 00:49:55,60.9167,-46.05,23.0,46,75,5.75
289,Margate,GB,2021-01-16 00:49:55,51.3813,1.3862,36.0,78,100,1.99
290,Diffa,NE,2021-01-16 00:49:55,13.3154,12.6113,65.71,25,0,10.02
291,Ust-Kuyga,RU,2021-01-16 00:49:55,70.0167,135.6,-30.39,82,95,1.74
292,Miri,MY,2021-01-16 00:49:55,4.4148,114.0089,75.2,100,40,5.75
293,Kimamba,TZ,2021-01-16 00:49:55,-6.7833,37.1333,72.27,92,90,2.77
294,Faanui,PF,2021-01-16 00:49:55,-16.4833,-151.75,81.77,73,69,11.05
295,Pingliang,CN,2021-01-16 00:49:55,35.5392,106.6861,22.15,86,100,8.86
296,Charlestown,AU,2021-01-16 00:49:55,-32.95,151.6667,77.0,23,0,17.27
297,Imeni Poliny Osipenko,RU,2021-01-16 00:49:55,52.4201,136.4853,-18.76,87,6,2.21
298,Pierre,US,2021-01-16 00:49:55,44.3683,-100.351,26.6,68,1,11.5
299,Basi,IN,2021-01-16 00:46:22,26.8333,76.0333,53.6,76,0,1.39
300,Puerto Escondido,MX,2021-01-16 00:46:13,15.85,-97.0667,78.8,73,75,1.61
301,Mutoko,ZW,2021-01-16 00:49:55,-17.397,32.2268,64.87,100,99,0.72
302,Inta,RU,2021-01-16 00:49:56,66.0317,60.1659,-5.91,91,100,2.89
303,Muros,ES,2021-01-16 00:49:56,42.7762,-9.0603,37.99,93,26,5.75
304,Wanning,CN,2021-01-16 00:49:56,18.8003,110.3967,70.05,84,30,6.91
305,Waingapu,ID,2021-01-16 00:49:56,-9.6567,120.2641,82.36,72,99,5.21
306,Havoysund,NO,2021-01-16 00:49:56,70.9963,24.6622,35.6,87,75,10.36
307,Oxapampa,PE,2021-01-16 00:49:56,-10.5775,-75.4017,59.36,90,70,2.04
308,El Dovio,CO,2021-01-16 00:49:56,4.5079,-76.2362,75.2,69,40,9.22
309,Tongeren,BE,2021-01-16 00:49:56,50.7805,5.4648,33.01,93,75,2.3
310,Male,MV,2021-01-16 00:49:56,4.1748,73.5089,82.4,83,75,10.36
311,Blois,FR,2021-01-16 00:49:56,47.5833,1.3333,27.0,93,100,1.45
312,Severo-Kurilsk,RU,2021-01-16 00:49:56,50.6789,156.125,28.8,94,87,11.18
313,Staryy Nadym,RU,2021-01-16 00:49:56,65.6118,72.6842,0.45,93,100,6.78
314,Tondano,ID,2021-01-16 00:49:56,1.3038,124.9112,82.4,83,40,6.91
315,Calabozo,VE,2021-01-16 00:49:56,8.9242,-67.4293,81.68,53,95,6.78
316,Veraval,IN,2021-01-16 00:49:56,20.9,70.3667,67.3,38,0,9.06
317,Elko,US,2021-01-16 00:49:56,41.0002,-115.5012,44.6,49,1,2.57
318,Mahanoro,MG,2021-01-16 00:49:56,-19.9,48.8,76.64,88,100,4.29
319,Dunhua,CN,2021-01-16 00:49:56,43.3725,128.2425,-4.29,86,0,7.65
320,Huilong,CN,2021-01-16 00:49:56,31.8111,121.655,42.01,70,94,16.24
321,Nagato,JP,2021-01-16 00:49:57,34.3833,131.2,53.6,82,75,16.11
322,Otjimbingwe,NA,2021-01-16 00:49:57,-22.35,16.1333,67.5,71,100,5.44
323,Boa Viagem,BR,2021-01-16 00:49:57,-5.1275,-39.7322,76.08,72,0,6.22
324,Harper,LR,2021-01-16 00:49:57,4.375,-7.7169,77.88,86,73,7.49
325,Hay River,CA,2021-01-16 00:47:08,60.8156,-115.7999,19.4,86,100,4.61
326,Kisangani,CD,2021-01-16 00:49:57,0.5167,25.2,69.46,94,96,2.13
327,La Ronge,CA,2021-01-16 00:49:57,55.1001,-105.2842,19.4,79,100,8.05
328,Superior,US,2021-01-16 00:49:57,46.7208,-92.1041,36.0,100,90,3.44
329,Jamame,SO,2021-01-16 00:49:57,0.0722,42.7506,74.26,89,0,7.25
330,Neyshabur,IR,2021-01-16 00:49:57,36.2133,58.7958,40.73,51,0,0.65
331,Caapora,BR,2021-01-16 00:49:58,-7.5156,-34.9083,77.0,88,20,6.91
332,Luderitz,NA,2021-01-16 00:49:58,-26.6481,15.1594,63.27,81,0,10.69
333,Abilene,US,2021-01-16 00:49:58,32.4487,-99.7331,51.8,16,1,16.11
334,Srednekolymsk,RU,2021-01-16 00:49:58,67.45,153.6833,-32.94,80,13,3.0
335,Nadym,RU,2021-01-16 00:49:58,65.5333,72.5167,0.41,94,100,6.33
336,Avera,US,2021-01-16 00:49:59,33.194,-82.5271,44.6,59,1,6.89
337,Talnakh,RU,2021-01-16 00:49:59,69.4865,88.3972,-35.37,73,0,6.8
338,Yumen,CN,2021-01-16 00:49:59,40.2833,97.2,6.85,77,0,6.67
339,Turukhansk,RU,2021-01-16 00:49:59,65.8167,87.9833,-27.11,80,86,12.77
340,Ulaangom,MN,2021-01-16 00:49:59,49.9811,92.0667,-18.81,85,83,0.98
341,Evensk,RU,2021-01-16 00:49:59,61.95,159.2333,-21.5,79,91,3.42
342,Garmsar,IR,2021-01-16 00:49:59,35.2182,52.3409,47.35,52,0,6.15
343,Samarai,PG,2021-01-16 00:49:59,-10.6167,150.6667,86.23,70,95,13.89
344,Los Llanos De Aridane,ES,2021-01-16 00:49:59,28.6585,-17.9182,62.6,55,90,12.66
345,Lazarev,RU,2021-01-16 00:49:59,52.225,141.5131,-9.85,86,0,3.04
346,Krasnoselkup,RU,2021-01-16 00:49:59,65.7,82.4667,-8.81,90,100,15.3
347,Zhoucheng,CN,2021-01-16 00:49:59,35.9122,116.3117,28.92,81,100,1.88
348,Riyadh,SA,2021-01-16 00:49:59,24.6877,46.7219,55.4,67,0,2.3
349,Jamsa,FI,2021-01-16 00:49:59,61.8642,25.19,12.2,92,90,4.61
350,Nome,US,2021-01-16 00:49:59,64.5011,-165.4064,21.2,68,1,5.75
351,Guerrero Negro,MX,2021-01-16 00:46:13,27.9769,-114.0611,68.5,32,0,4.34
352,Hokitika,NZ,2021-01-16 00:49:59,-42.7167,170.9667,67.05,65,0,7.56
353,Akmene,LT,2021-01-16 00:49:59,56.25,22.75,8.6,85,90,4.61
354,Tiksi,RU,2021-01-16 00:49:59,71.6872,128.8694,-12.17,90,100,6.26
355,Paamiut,GL,2021-01-16 00:49:59,61.994,-49.6678,24.6,97,82,16.93
356,Bandarbeyla,SO,2021-01-16 00:49:59,9.4942,50.8122,73.6,79,27,14.05
357,Ucluelet,CA,2021-01-16 00:49:11,48.9329,-125.5528,48.2,93,90,2.3
358,Birjand,IR,2021-01-16 00:47:11,32.8663,59.2211,30.2,22,0,9.22
359,Pelym,RU,2021-01-16 00:50:00,61.0108,61.9978,-9.98,90,0,1.83
360,Athabasca,CA,2021-01-16 00:45:06,54.7169,-113.2854,28.4,69,0,4.61
361,Shush,IR,2021-01-16 00:50:00,32.1942,48.2436,54.68,50,0,3.33
362,Leisure City,US,2021-01-16 00:49:19,25.4954,-80.4292,71.6,56,90,3.44
363,Mahajanga,MG,2021-01-16 00:50:00,-15.7167,46.3167,80.6,89,40,3.44
364,Puro,PH,2021-01-16 00:50:00,12.4841,123.3827,78.62,86,97,14.09
365,Lewiston,US,2021-01-16 00:50:00,44.1003,-70.2148,32.0,74,1,1.25
366,Matara,LK,2021-01-16 00:50:00,5.9485,80.5353,75.07,83,100,4.5
367,Simplicio Mendes,BR,2021-01-16 00:50:00,-7.8539,-41.9103,76.59,70,37,3.91
368,Vilyuysk,RU,2021-01-16 00:50:00,63.7553,121.6247,-45.18,78,97,4.59
369,Manisa,TR,2021-01-16 00:50:00,38.8333,28.1667,28.58,93,95,3.65
370,Prince Rupert,CA,2021-01-16 00:50:00,54.3161,-130.3201,46.4,87,90,2.3
371,Voskresenskoye,RU,2021-01-16 00:50:01,56.8381,45.4317,7.54,95,100,9.57
372,Bambous Virieux,MU,2021-01-16 00:50:01,-20.3428,57.7575,80.01,94,40,4.61
373,Abu Samrah,SY,2021-01-16 00:50:01,35.3029,37.1841,48.25,79,0,7.52
374,Porangatu,BR,2021-01-16 00:50:01,-13.4408,-49.1486,73.13,89,100,1.97
375,Brandon,US,2021-01-16 00:50:01,27.9378,-82.2859,63.0,94,90,4.61
376,Doha,QA,2021-01-16 00:50:01,25.2867,51.5333,60.8,77,0,3.44
377,Semey,KZ,2021-01-16 00:50:03,50.4111,80.2275,-0.4,65,0,22.37
378,Vestmanna,FO,2021-01-16 00:50:03,62.1564,-7.1664,41.0,87,75,33.38
379,Chandbali,IN,2021-01-16 00:50:04,20.7833,86.7667,60.03,89,0,3.31
380,Hualmay,PE,2021-01-16 00:50:04,-11.0964,-77.6139,70.36,84,99,4.36
381,Namatanai,PG,2021-01-16 00:50:04,-3.6667,152.4333,84.25,69,100,5.28
382,Mucurapo,TT,2021-01-16 00:50:04,10.6667,-61.5333,77.0,73,20,3.44
383,Micheweni,TZ,2021-01-16 00:50:04,-4.9667,39.8333,78.75,83,17,8.61
384,Biltine,TD,2021-01-16 00:50:04,14.5333,20.9167,63.88,29,0,9.95
385,Pisco,PE,2021-01-16 00:50:04,-13.7,-76.2167,69.8,83,0,19.57
386,Kurilsk,RU,2021-01-16 00:50:04,45.2333,147.8833,28.22,97,100,32.32
387,Biak,ID,2021-01-16 00:50:04,-0.9131,122.8766,81.45,75,100,2.21
388,Vevey,CH,2021-01-16 00:50:05,46.4612,6.8433,28.99,85,36,1.01
389,West Monroe,US,2021-01-16 00:48:03,32.5185,-92.1476,48.2,31,20,12.66
390,Shimoda,JP,2021-01-16 00:50:05,34.6667,138.95,57.2,67,20,14.97
391,Anju,KP,2021-01-16 00:50:05,39.6178,125.6647,11.41,82,0,6.69
392,Kalisz,PL,2021-01-16 00:50:05,51.7611,18.091,21.99,90,84,1.01
393,Chara,RU,2021-01-16 00:50:05,56.9064,118.2631,-18.08,75,100,1.74
394,Champerico,GT,2021-01-16 00:50:05,14.3,-91.9167,66.0,94,96,8.25
395,Ulaanbaatar,MN,2021-01-16 00:50:05,47.9077,106.8832,-36.4,67,12,2.24
396,Mayo,US,2021-01-16 00:50:05,38.8876,-76.5119,46.99,93,90,4.61
397,La Libertad,EC,2021-01-16 00:50:05,-2.2333,-80.9,77.0,83,75,8.05
398,Peterhead,GB,2021-01-16 00:50:05,57.5058,-1.7981,39.0,81,100,18.41
399,Sitka,US,2021-01-16 00:48:08,57.0531,-135.33,42.8,87,90,5.75
400,Whitehorse,CA,2021-01-16 00:47:02,60.7161,-135.0538,30.2,86,75,18.41
401,Stromness,GB,2021-01-16 00:50:05,58.965,-3.296,39.2,75,40,35.68
402,Geraldton,AU,2021-01-16 00:50:06,-28.7667,114.6,86.0,35,0,32.21
403,Ballina,AU,2021-01-16 00:50:06,-28.8667,153.5667,84.2,69,40,17.27
404,Birao,CF,2021-01-16 00:50:06,10.2849,22.7882,64.74,28,0,6.24
405,Kiama,AU,2021-01-16 00:50:06,-34.6833,150.8667,70.0,43,0,4.0
406,Svetlyy,RU,2021-01-16 00:50:06,54.675,20.1347,17.6,79,75,2.24
407,Douentza,ML,2021-01-16 00:50:06,14.9951,-2.9517,64.11,25,0,6.38
408,Bela Vista,BR,2021-01-16 00:50:06,-22.1089,-56.5211,74.71,94,33,5.44
409,Acarau,BR,2021-01-16 00:50:06,-2.8856,-40.12,78.98,82,62,13.09
410,Monteagudo,BO,2021-01-16 00:50:06,-19.8167,-63.9833,69.39,86,100,2.3
411,Wanaka,NZ,2021-01-16 00:50:06,-44.7,169.15,75.65,27,0,4.29
412,Maputo,MZ,2021-01-16 00:46:06,-25.9653,32.5892,80.01,83,20,8.05
413,Alice Springs,AU,2021-01-16 00:50:07,-23.7,133.8833,78.8,21,7,19.57
414,Surdulica,RS,2021-01-16 00:50:07,42.6906,22.1708,25.0,85,100,3.33
415,Coracora,PE,2021-01-16 00:50:07,-15.0333,-73.7833,50.2,84,100,6.51
416,Buraydah,SA,2021-01-16 00:50:07,26.326,43.975,50.0,87,0,2.3
417,Senno,RU,2021-01-16 00:50:07,59.5336,33.9167,-8.3,90,100,3.42
418,Berdigestyakh,RU,2021-01-16 00:50:07,62.0989,126.6992,-34.42,82,100,3.83
419,Yanam,IN,2021-01-16 00:50:07,16.7333,82.2167,68.0,94,20,5.75
420,Honningsvag,NO,2021-01-16 00:50:07,70.9821,25.9704,37.87,78,100,26.44
421,Asau,RO,2021-01-16 00:50:07,46.4333,26.4,21.2,79,75,1.92
422,Muroto,JP,2021-01-16 00:50:07,33.2833,134.15,50.0,93,75,6.91
423,Lasa,IT,2021-01-16 00:50:07,46.6166,10.7002,21.99,85,0,9.22
424,Ayan,RU,2021-01-16 00:50:07,56.45,138.1667,-12.64,77,0,3.87
425,Amambai,BR,2021-01-16 00:50:08,-23.1042,-55.2258,72.46,96,0,5.99
426,Groningen,NL,2021-01-16 00:45:59,53.25,6.75,35.01,80,90,8.05
427,Caxias,PT,2021-01-16 00:50:08,38.7031,-9.2767,52.0,86,0,1.99
428,Alofi,NU,2021-01-16 00:50:07,-19.0595,-169.9187,87.8,66,75,6.91
429,Zyryanovsk,KZ,2021-01-16 00:50:08,49.7386,84.2719,-14.6,82,97,0.67
430,Skibotn,NO,2021-01-16 00:50:08,69.3913,20.2679,33.8,93,75,10.36
431,Karasjok,NO,2021-01-16 00:50:08,69.4719,25.5112,35.6,75,75,16.11
432,Port Hardy,CA,2021-01-16 00:50:08,50.6996,-127.4199,46.4,93,40,2.3
433,Sucua,EC,2021-01-16 00:50:08,-2.4667,-78.1667,69.46,80,100,2.08
434,Luau,AO,2021-01-16 00:50:08,-10.7073,22.2247,62.47,98,100,3.0
435,Beringovskiy,RU,2021-01-16 00:50:08,63.05,179.3167,-9.71,89,64,11.45
436,Carmen,MX,2021-01-16 00:50:09,18.6333,-91.8333,73.4,88,90,5.75
437,Amalapuram,IN,2021-01-16 00:50:09,16.5833,82.0167,68.0,94,20,5.75
438,Vardo,NO,2021-01-16 00:50:09,70.3705,31.1107,34.61,92,100,10.36
439,Rio Grande,BR,2021-01-16 00:49:58,-32.035,-52.0986,77.0,88,75,18.41
440,Mosquera,CO,2021-01-16 00:50:09,4.7059,-74.2302,57.2,82,20,5.75
441,Zhucheng,CN,2021-01-16 00:50:09,35.9947,119.3975,24.31,85,99,8.08
442,Tabas,IR,2021-01-16 00:50:09,33.5959,56.9244,33.8,19,0,2.3
443,Buala,SB,2021-01-16 00:50:09,-8.145,159.5921,85.82,65,99,7.76
444,Moskovskiy,RU,2021-01-16 00:50:09,55.5991,37.355,8.6,78,0,6.71
445,Raudeberg,NO,2021-01-16 00:50:09,61.9875,5.1352,30.2,69,0,14.97
446,Buchanan,LR,2021-01-16 00:49:15,5.8808,-10.0467,77.0,94,40,6.13
447,Tuatapere,NZ,2021-01-16 00:50:09,-46.1333,167.6833,73.0,63,7,8.99
448,Ferrandina,IT,2021-01-16 00:50:09,40.5012,16.4547,41.0,93,0,8.05
449,Timbo,BR,2021-01-16 00:50:09,-26.8233,-49.2717,75.0,92,44,2.51
450,Srivardhan,IN,2021-01-16 00:50:10,18.0333,73.0167,72.37,62,0,6.44
451,Vestmannaeyjar,IS,2021-01-16 00:50:10,63.4427,-20.2734,41.61,83,100,14.7
452,Lakefield,US,2021-01-16 00:50:10,43.6775,-95.1717,26.6,86,90,25.32
453,Eyl,SO,2021-01-16 00:50:10,7.9803,49.8164,72.12,82,33,12.8
454,Slave Lake,CA,2021-01-16 00:49:52,55.2834,-114.769,42.8,45,1,19.57
455,Cabedelo,BR,2021-01-16 00:50:10,-6.9811,-34.8339,77.0,88,20,6.91
456,Taoudenni,ML,2021-01-16 00:50:10,22.6783,-3.9836,55.6,29,100,12.1
457,Saint George,US,2021-01-16 00:50:10,37.1041,-113.5841,60.8,18,1,1.72
458,Half Moon Bay,US,2021-01-16 00:47:29,37.4636,-122.4286,66.2,48,1,14.97
459,Pochutla,MX,2021-01-16 00:50:10,15.7432,-96.4661,78.8,73,75,1.23
460,Komsomolskiy,UZ,2021-01-16 00:50:10,40.4272,71.7189,32.0,69,0,2.3
461,Aklavik,CA,2021-01-16 00:50:10,68.2191,-135.0107,-9.4,84,100,9.22
462,Spokane,US,2021-01-16 00:50:11,47.6166,-117.3677,37.4,81,1,1.25
463,Svobodnyy,RU,2021-01-16 00:50:11,51.4,128.1333,-22.31,85,0,1.39
464,Ambilobe,MG,2021-01-16 00:50:11,-13.2,49.05,74.23,93,16,2.06
465,Lompoc,US,2021-01-16 00:47:17,34.6391,-120.4579,68.0,48,100,10.36
466,Kieta,PG,2021-01-16 00:50:11,-6.2167,155.6333,86.72,57,100,5.64
467,Tura,IN,2021-01-16 00:50:11,25.5198,90.2201,54.61,58,19,2.42
468,Ust-Maya,RU,2021-01-16 00:50:11,60.4167,134.5333,-41.82,80,100,1.52
469,San Patricio,US,2021-01-16 00:50:11,28.017,-97.5169,57.2,26,20,8.05
470,Mayahi,NE,2021-01-16 00:50:11,13.9553,7.6712,64.54,26,0,8.21
471,Pangnirtung,CA,2021-01-16 00:50:11,66.1451,-65.7125,1.67,88,100,3.0
472,Irbeyskoye,RU,2021-01-16 00:50:11,55.6428,95.4522,5.34,91,100,9.86
473,Port-Cartier,CA,2021-01-16 00:50:11,50.0334,-66.8654,28.4,86,0,3.44
474,Medina,SA,2021-01-16 00:50:11,24.4686,39.6142,66.2,27,0,11.5
475,Polunochnoye,RU,2021-01-16 00:50:12,60.8697,60.4153,-8.03,91,0,0.56
476,Chernyshevskiy,RU,2021-01-16 00:50:12,63.0128,112.4714,-36.72,83,99,4.05
477,Bobrovka,RU,2021-01-16 00:50:12,54.047,61.7455,18.61,95,100,11.12
478,Camana,PE,2021-01-16 00:50:12,-16.6228,-72.7111,70.5,77,100,6.24
479,Port Said,EG,2021-01-16 00:50:12,31.2565,32.2841,59.63,58,0,14.94
480,Sinnai,IT,2021-01-16 00:50:12,39.3042,9.2036,48.99,100,20,6.91
481,Ahuimanu,US,2021-01-16 00:50:12,21.4447,-157.8378,82.4,73,40,10.36
482,Netolice,CZ,2021-01-16 00:50:12,49.0493,14.197,23.0,92,100,5.01
483,Benguela,AO,2021-01-16 00:50:12,-12.5763,13.4055,73.62,75,0,4.27
484,Mazagao,BR,2021-01-16 00:50:12,-0.115,-51.2894,82.4,78,0,8.05
485,Tomatlan,MX,2021-01-16 00:50:12,19.9333,-105.25,73.98,43,88,2.86
486,Nouadhibou,MR,2021-01-16 00:50:12,20.931,-17.0347,60.8,55,0,20.71
487,Shu,KZ,2021-01-16 00:50:12,43.5983,73.7614,14.11,82,0,1.3
488,Sobolevo,RU,2021-01-16 00:50:12,54.4299,31.8996,-3.55,92,95,6.2
489,Erenhot,CN,2021-01-16 00:50:13,43.6475,111.9767,-7.69,84,0,7.02
490,Marsa Matruh,EG,2021-01-16 00:50:13,31.3525,27.2453,58.35,68,0,19.84
491,Kenai,US,2021-01-16 00:50:13,60.5544,-151.2583,34.0,69,1,5.75
492,Cayenne,GF,2021-01-16 00:50:13,4.9333,-52.3333,77.0,100,75,13.24
493,Kainantu,PG,2021-01-16 00:50:13,-6.2887,145.8655,76.6,57,100,4.83
494,Oga,IT,2021-01-16 00:50:13,46.4631,10.347,28.0,84,0,1.14
495,Adrian,US,2021-01-16 00:50:13,41.8975,-84.0372,33.01,86,20,4.21
496,Lavrentiya,RU,2021-01-16 00:50:13,65.5833,-171.0,-1.37,89,100,9.24
497,Gueret,FR,2021-01-16 00:50:13,46.1667,1.8667,30.99,86,0,2.3
498,Ordzhonikidze,KZ,2021-01-16 00:50:13,52.4411,61.7408,12.74,94,100,8.05
499,Kampot,KH,2021-01-16 00:50:13,10.6167,104.1833,73.4,88,40,1.14
500,Orlik,RU,2021-01-16 00:50:14,52.5178,99.825,-13.09,78,100,4.0
501,High Level,CA,2021-01-16 00:50:14,58.5169,-117.136,21.2,93,75,4.61
502,Da Lat,VN,2021-01-16 00:46:27,11.9465,108.4419,64.09,63,0,2.37
503,Port Moresby,PG,2021-01-16 00:50:14,-9.4431,147.1797,82.4,78,40,11.5
504,Sovetskiy,RU,2021-01-16 00:50:14,61.3614,63.5842,-10.39,90,0,2.68
505,Pampa,US,2021-01-16 00:50:14,35.5362,-100.9599,42.8,16,90,17.27
506,Honiara,SB,2021-01-16 00:50:14,-9.4333,159.95,85.28,69,87,7.36
507,Gazanjyk,TM,2021-01-16 00:50:14,39.2446,55.5154,44.24,85,0,4.85
508,Minab,IR,2021-01-16 00:50:14,27.1467,57.0801,51.8,82,0,6.91
509,New Baltimore,US,2021-01-16 00:50:14,42.6811,-82.7369,34.0,100,40,4.61
510,Calama,CL,2021-01-16 00:50:14,-22.4667,-68.9333,64.4,29,0,23.02
511,Panguna,PG,2021-01-16 00:50:14,-6.3164,155.4848,83.8,54,100,4.43
512,Baie-Comeau,CA,2021-01-16 00:50:14,49.2168,-68.1489,17.6,93,1,2.3
513,Seoul,KR,2021-01-16 00:46:37,37.5683,126.9778,24.8,68,0,5.75
514,Mozarlandia,BR,2021-01-16 00:49:40,-14.7447,-50.5706,75.09,90,100,2.75
515,Stege,DK,2021-01-16 00:50:15,54.987,12.2846,30.99,86,0,12.71
516,Bougouni,ML,2021-01-16 00:50:15,11.417,-7.479,67.93,22,17,6.35
517,Trairi,BR,2021-01-16 00:50:15,-3.2778,-39.2689,79.34,79,18,10.89
518,Basco,PH,2021-01-16 00:50:15,20.4487,121.9702,73.69,79,60,28.43
519,Chapais,CA,2021-01-16 00:50:15,49.7834,-74.8492,26.6,80,90,12.66
520,Russell,US,2021-01-16 00:45:27,32.3502,-85.1999,51.8,45,1,6.96
521,Asfi,MA,2021-01-16 00:50:15,32.2994,-9.2372,52.11,81,0,11.63
522,Urumqi,CN,2021-01-16 00:50:15,43.801,87.6005,-13.0,84,75,2.24
523,Kumbo,CM,2021-01-16 00:50:15,6.2,10.6667,58.14,34,48,4.79
524,Ormara,PK,2021-01-16 00:50:15,25.2088,64.6357,67.08,47,0,2.86
525,Komnina,GR,2021-01-16 00:50:15,40.6,21.7833,32.0,93,100,8.05
526,Sorland,NO,2021-01-16 00:50:15,67.667,12.6934,39.27,74,100,11.92
527,Talakag,PH,2021-01-16 00:50:15,8.2336,124.6003,80.01,84,25,4.0
528,Ukiah,US,2021-01-16 00:50:16,39.1502,-123.2078,66.2,48,1,3.44
529,Porto Santo,PT,2021-01-16 00:50:16,33.072,-16.3415,59.0,72,40,11.5
530,Waw,SS,2021-01-16 00:50:16,7.7029,27.9953,69.66,24,1,6.13
531,Poopo,BO,2021-01-16 00:50:16,-18.3667,-66.9667,54.28,64,100,7.43
532,Polson,US,2021-01-16 00:50:16,47.6936,-114.1632,27.0,50,100,2.19
533,Newcastle,AU,2021-01-16 00:48:48,-32.9272,151.7765,77.0,23,0,17.27
534,Wawa,NG,2021-01-16 00:50:16,9.9022,4.4192,72.99,21,0,7.43
535,Troitskoye,RU,2021-01-16 00:50:16,52.9821,84.6757,-6.21,89,100,4.65
536,Nicoya,CR,2021-01-16 00:50:16,10.1483,-85.452,80.6,65,0,9.22
537,Ilhabela,BR,2021-01-16 00:50:16,-23.7781,-45.3581,76.69,87,100,7.92
538,Rupert,US,2021-01-16 00:50:16,42.6191,-113.6772,37.4,60,1,9.22
539,Quthing,LS,2021-01-16 00:50:16,-30.4,27.7003,63.12,84,78,1.03
540,Thaba-Tseka,LS,2021-01-16 00:50:16,-29.522,28.6084,57.6,82,100,5.41
541,Antsohihy,MG,2021-01-16 00:50:16,-14.8796,47.9875,75.43,93,99,0.6
542,Kruisfontein,ZA,2021-01-16 00:50:17,-34.0033,24.7314,64.99,84,100,5.01
543,Sukhumi,GE,2021-01-16 00:50:17,43.0033,41.0153,40.48,86,100,3.96
544,Christchurch,NZ,2021-01-16 00:49:54,-43.5333,172.6333,69.01,73,90,17.27
545,Mount Gambier,AU,2021-01-16 00:50:17,-37.8333,140.7667,59.0,63,90,14.97
546,Kaitong,CN,2021-01-16 00:50:17,44.8135,123.15,-2.58,78,0,3.83
547,Nampa,US,2021-01-16 00:47:15,43.5407,-116.5635,34.0,100,90,5.75
548,Yavaros,MX,2021-01-16 00:50:17,26.7,-109.5167,64.0,62,0,1.99
549,Kamyshla,RU,2021-01-16 00:50:17,54.1169,52.1426,20.14,97,100,16.26
550,Chekhov,RU,2021-01-16 00:50:17,55.1431,37.4711,8.6,85,40,8.95
551,Svencionys,LT,2021-01-16 00:50:17,55.15,26.1667,2.8,94,100,6.11
552,Vesyegonsk,RU,2021-01-16 00:50:17,58.664,37.2604,-6.02,91,100,5.95
553,Copperas Cove,US,2021-01-16 00:48:52,31.1241,-97.9031,51.8,17,1,11.5
554,Sibu,MY,2021-01-16 00:50:17,2.3,111.8167,73.4,100,40,3.44
555,Dzilam Gonzalez,MX,2021-01-16 00:50:17,21.2833,-88.9333,69.51,76,100,4.92
556,Dayong,CN,2021-01-16 00:50:17,25.0209,118.2898,55.4,88,0,2.24
557,Yerbogachen,RU,2021-01-16 00:50:17,61.2767,108.0108,-41.1,80,100,5.41
558,Kipini,KE,2021-01-16 00:50:18,-2.5257,40.5262,75.04,88,0,6.44
559,Vryburg,ZA,2021-01-16 00:50:18,-26.9566,24.7284,67.69,83,100,3.33
560,Sur,OM,2021-01-16 00:50:18,22.5667,59.5289,64.54,61,0,1.99
561,Zyryanka,RU,2021-01-16 00:50:18,65.75,150.85,-21.66,87,100,2.8
562,Bethel,US,2021-01-16 00:50:18,41.3712,-73.414,39.99,81,90,8.05
563,Yomou,GN,2021-01-16 00:50:18,7.5603,-9.2653,68.13,98,0,1.81
564,Srinagar,IN,2021-01-16 00:50:18,34.0833,74.8167,22.42,83,0,1.97
565,Katsuura,JP,2021-01-16 00:50:18,35.1333,140.3,61.0,66,20,2.3
566,Saurimo,AO,2021-01-16 00:50:18,-9.6608,20.3916,62.92,96,100,2.1
